X,Y,amenity,osm_id
32.53601515,15.63253679,pharmacy,5691668660
32.53396142,15.52866322,pharmacy,3490668393
32.44114114,15.68343917,pharmacy,7834704444
32.41907302,15.66394764,hospital,7966428285
32.49362334,15.64027874,hospital,8006766734
32.44468057,15.61295516,pharmacy,6801517152
26.13014783,11.46268455,clinic,7452472488
32.54531806,15.61230414,hospital,7038742276
32.54210142,15.57784974,pharmacy,4548450395
32.49357816,15.65374108,pharmacy,7023083919
32.45961955,15.73492845,pharmacy,6814349338
32.48861415,15.44874974,pharmacy,7013232266
32.43543617,15.64793779,pharmacy,7200329260
36.39822204,15.45704363,pharmacy,2278131241
32.60315822,15.61382118,pharmacy,6942755406
32.62779196,15.61327392,pharmacy,4605372218
26.12859508,11.46297037,pharmacy,7452472287
26.13145298,11.46177864,pharmacy,7452473785
32.56749397,15.54837553,pharmacy,4633226297
32.56432704,15.5023878,pharmacy,4548458732
32.56468579,15.59493725,pharmacy,7294567339
32.54155182,15.53250825,pharmacy,4548433596
32.539426,15.64152395,pharmacy,4639366791
32.61618294,15.60411569,pharmacy,6813530909
32.56368323,15.58012743,pharmacy,6000704804
32.5631866,15.57643797,pharmacy,7947387044
32.56631087,15.5951872,pharmacy,7736702064
36.39557462,15.45575885,pharmacy,2278069851
32.56671773,15.5416747,pharmacy,4548458741
32.58081433,15.5510626,pharmacy,7366333892
32.53057404,15.58556964,pharmacy,4331008812
32.56378322,15.50225369,pharmacy,6055111885
36.3980933,15.45704623,pharmacy,2278131237
32.47680254,15.69176525,dentist,4634557989
32.55630606,15.53187567,pharmacy,5993041135
32.53629938,15.5654581,pharmacy,4548450116
32.45068738,15.59056274,pharmacy,7154080257
32.45973757,15.73083288,pharmacy,6805803713
32.53137778,15.64302909,pharmacy,7023083918
32.48499954,15.46610354,pharmacy,6903152354
32.52731314,15.62568752,clinic,6877445407
32.55658308,15.54690719,pharmacy,4633271290
32.55971339,15.57614528,pharmacy,4548439390
36.39816035,15.45704363,pharmacy,2278131240
32.5094985,15.70785984,pharmacy,6795819554
32.53796855,15.56942089,pharmacy,4548474198
32.51443854,15.52531239,pharmacy,7004720375
32.5798111,15.55918785,pharmacy,7366388484
32.49706269,15.53131282,pharmacy,7010915545
32.46493904,15.60456278,pharmacy,7151223826
32.4915619,15.64181229,pharmacy,7247012429
32.60468959,15.59822505,hospital,7207950585
26.13603084,11.45156168,clinic,7431170987
32.49056235,15.6370621,pharmacy,7246994411
32.54015363,15.63255104,pharmacy,2276735775
32.52945807,15.60359324,pharmacy,4359863897
33.5200904,14.39706975,pharmacy,7301850731
32.50868604,15.51531219,pharmacy,7005468243
32.46018592,15.59606269,pharmacy,7151275752
32.44806284,15.66206255,pharmacy,7183566347
26.14394344,11.46558218,clinic,7441946886
32.57401434,15.55344163,pharmacy,7905631825
32.56823887,15.6068963,pharmacy,6007421973
30.46757519,19.17802375,doctors,8033534689
32.52450093,15.64141197,pharmacy,4639379794
32.47619988,15.71851718,pharmacy,6796892696
32.57256662,15.59659159,hospital,3581912299
32.52119905,15.52238333,pharmacy,6993244746
32.57818593,15.73256207,pharmacy,6971627841
32.56543722,15.49318782,pharmacy,7089373687
32.48865044,15.64427213,pharmacy,4759494221
32.55975035,15.61124332,hospital,6007363151
32.53831095,15.55156224,pharmacy,7013181843
32.52731314,15.5274372,pharmacy,7004788822
32.46068565,15.64968776,pharmacy,7170213289
32.57439848,15.58727745,pharmacy,4629153490
32.55568697,15.70368767,pharmacy,6947565995
32.5727843,15.63561035,pharmacy,6855036183
32.55845937,15.59671857,pharmacy,6007676429
32.45956415,15.60868734,pharmacy,7154131902
32.57601049,15.59754319,pharmacy,4629220589
32.57031247,15.59606269,pharmacy,7736818103
32.53541492,15.58434026,pharmacy,4548439403
32.56844096,15.57580053,pharmacy,6996802080
32.48956298,15.44306278,pharmacy,7066463168
32.49943912,15.50993729,pharmacy,7005500162
32.46641007,15.47390684,pharmacy,6903152356
32.56094176,15.60843958,pharmacy,6801721346
32.52618787,15.53418723,pharmacy,7004867271
32.52626675,15.53233089,pharmacy,3488609862
33.30424172,14.73150173,pharmacy,6918289005
32.53497504,15.59745283,clinic,7020258402
32.58281324,15.53731242,pharmacy,7004709720
32.57497298,15.56314276,pharmacy,1102343705
32.49503217,15.53276298,pharmacy,6055046593
32.59141936,15.70533957,pharmacy,7050332802
32.53634297,15.56342197,pharmacy,7702844585
32.52036136,15.52750786,pharmacy,3487439391
32.52984423,15.59869595,hospital,9078270794
32.45218656,15.64806268,pharmacy,7200393038
32.54431147,15.67318726,clinic,6964025438
32.48693844,15.45706266,pharmacy,7066616664
33.52654245,14.39650204,hospital,4662886971
32.501819,15.4718651,pharmacy,6796803738
32.52856272,15.62669712,pharmacy,6052324185
32.52984993,15.64127794,pharmacy,4639386289
32.53100713,15.64344827,pharmacy,2276618632
32.57140874,15.55851369,pharmacy,4548457819
32.56782079,15.59569456,pharmacy,7294564205
32.46093744,15.64893716,pharmacy,7170214004
32.52330919,15.58498852,pharmacy,6008262785
32.52468869,15.66218752,pharmacy,6952417788
32.54751973,15.58555539,pharmacy,4548450100
32.62386487,15.63320684,pharmacy,7038287176
32.57121546,15.50400726,pharmacy,4548458927
32.48880165,15.64442392,pharmacy,7023083917
32.53052098,15.60392265,dentist,7038287145
32.45243836,15.67831229,pharmacy,7216138334
32.4916878,15.4509373,pharmacy,7069338988
32.489563,15.4430628,pharmacy,7066463168
32.4903107,15.4404373,pharmacy,7066472417
32.6189537,15.5984329,pharmacy,6898081298
32.5694639,15.5330492,pharmacy,4548525889
33.4733517,14.8036371,doctors,5384994969
33.3525065,14.7264294,hospital,6092481529
33.2983151,14.7299751,hospital,6840044075
33.0226014,14.2251635,hospital,10019056054
33.2999175,14.7387066,pharmacy,6918292077
33.3004108,14.7387891,pharmacy,6918292076
33.5397245,13.8217859,pharmacy,6960520585
34.148928,13.9587969,clinic,8118574417
36.3955747,15.4557589,pharmacy,2278069851
32.563093,15.539468,clinic,4855040422
32.5356865,15.5275621,pharmacy,7004827901
32.5476554,15.5308806,pharmacy,6834089410
33.5395935,14.3928487,pharmacy,7074526372
33.5248292,14.3983607,pharmacy,7074526371
33.5252717,14.3983555,pharmacy,7074526370
33.5265425,14.3965021,hospital,4662886971
32.5797256,15.55909,pharmacy,4631470290
32.5785809,15.5624431,pharmacy,4650703691
32.577831,15.5636307,pharmacy,7007940873
32.5774348,15.5695767,pharmacy,4635108889
32.578515,15.565561,pharmacy,4629108290
32.5783619,15.5635911,pharmacy,4625417704
32.582725,15.5384998,pharmacy,4631474195
32.5356057,15.5696033,dentist,5726254679
32.560688,15.5878124,pharmacy,7746379134
32.444561,15.6126871,pharmacy,7160741565
32.4581871,15.6134377,pharmacy,7158702949
32.454937,15.6083126,pharmacy,7154067864
32.4595642,15.6086874,pharmacy,7154131902
32.456562,15.5870628,pharmacy,7151297171
32.4523125,15.5826874,pharmacy,7151340990
32.5349506,15.6035021,hospital,7038742274
32.5256882,15.5365629,pharmacy,7004890945
32.5747989,15.7515477,clinic,7040720575
32.5766869,15.7510624,pharmacy,6974078540
32.5790634,15.7505627,pharmacy,7730679141
32.5881882,15.7585621,pharmacy,6974069262
32.5823135,15.7646875,pharmacy,6973914412
32.586937,15.7764378,pharmacy,6974069310
32.6238649,15.6332069,pharmacy,7038287176
32.6244305,15.6344297,pharmacy,6824577886
32.6305632,15.6297188,pharmacy,6832110554
32.6329146,15.6406018,pharmacy,7050332799
32.6319196,15.6379525,pharmacy,6832110558
32.6390093,15.6418846,pharmacy,7050332800
32.6328409,15.6468599,pharmacy,7050332801
32.6356431,15.7013502,pharmacy,9041209075
32.4899857,15.6924137,clinic,7040091882
32.4860052,15.6447007,pharmacy,7023083920
32.5790634,15.7203121,pharmacy,6964857566
32.5481873,15.6896877,clinic,6943123790
33.5354004,14.3886943,pharmacy,5070985439
32.6928139,15.5141878,pharmacy,7128934911
32.6895638,15.5171871,pharmacy,7129169259
32.5245628,15.5273123,pharmacy,7004727457
32.5793999,15.5074053,pharmacy,4548458928
33.0925522,15.0140674,pharmacy,8400289129
32.4411412,15.6834392,pharmacy,7834704444
32.4863129,15.6591873,pharmacy,7252287554
32.4465637,15.6478128,pharmacy,7167499596
32.4609375,15.621563,pharmacy,7158755106
32.5069676,15.7003437,doctors,6967918108
32.4992486,15.6821884,pharmacy,6964162279
32.5489388,15.6913128,pharmacy,6943123262
32.5086777,15.7059596,pharmacy,6795826338
32.4596196,15.7349285,pharmacy,6814349338
32.4884043,15.6301165,pharmacy,6063472504
33.5000462,14.4275804,unknown,7301850739
33.2238604,15.0976819,hospital,7423356032
33.0974814,15.0135224,clinic,8279677910
33.0974817,15.0136824,pharmacy,8279677909
32.6873131,15.5096874,pharmacy,7122703968
32.634124,15.608869,pharmacy,6832240762
32.6338509,15.6019011,pharmacy,6812382686
32.6279088,15.5976743,clinic,7040091877
32.6364483,15.592603,pharmacy,6832066729
32.6411024,15.6163966,pharmacy,6832212137
32.6204033,15.6110993,pharmacy,6824557242
32.5659751,15.4869472,pharmacy,8044103578
32.5622076,15.4923143,pharmacy,8042141787
32.4993995,15.4881355,pharmacy,7905516320
32.4884377,15.449688,pharmacy,7069354986
32.4916878,15.4934378,pharmacy,7040858566
32.4707046,15.6075029,pharmacy,49230629
32.5739,15.5670664,pharmacy,1917297176
33.0973942,15.013706,unknown,8279677908
32.5439501,15.5621123,hospital,8642470417
26.1301479,11.4626846,clinic,7452472488
26.131453,11.4617787,pharmacy,7452473785
32.5233092,15.5849886,pharmacy,6008262785
32.5591645,15.6115715,hospital,6007346723
32.5347739,15.5996416,hospital,6817315759
32.5294337,15.5981035,hospital,7038287140
32.5295667,15.5975651,hospital,7038742268
32.5453181,15.6123042,hospital,7038742276
32.4892178,15.6471631,hospital,7039034612
32.5820848,15.7801458,hospital,7040720577
32.4866867,15.6411877,hospital,7246990945
32.5513001,15.5672084,hospital,7856337095
32.4823752,15.6371718,hospital,6795068075
32.5709038,15.5995512,hospital,7141115685
32.4939567,15.641767,hospital,8006763723
32.5294018,15.5986224,hospital,9078270795
32.559641,15.6124025,hospital,9078273718
32.5863113,15.5564375,pharmacy,7401901230
32.5901871,15.553812,pharmacy,7401930356
32.5806885,15.5536871,pharmacy,7366341690
32.5808144,15.5510626,pharmacy,7331538281
32.5803108,15.5523129,pharmacy,7331558219
32.4768026,15.6917653,dentist,4634557989
33.5200904,14.3970698,pharmacy,7301850731
32.5635643,15.6065626,pharmacy,7294424715
32.5351839,15.5731571,dentist,4548448621
32.5362994,15.5654581,pharmacy,4548450116
32.5421015,15.5778498,pharmacy,4548450395
32.5764389,15.5883121,pharmacy,7398366777
32.5712155,15.5040073,pharmacy,4548458927
32.4891891,15.6514378,pharmacy,7252257118
32.4855614,15.6563129,pharmacy,7252300545
32.484314,15.651063,pharmacy,7252314385
32.4799385,15.6413126,pharmacy,7245633165
32.4818115,15.6368122,pharmacy,7245723881
32.4814377,15.635438,pharmacy,7245724152
32.4805641,15.6321878,pharmacy,7245772198
32.4633141,15.6451874,pharmacy,7245491377
32.4196892,15.6635628,pharmacy,7236627430
32.4379387,15.6754379,pharmacy,7216104533
32.4401894,15.6635628,pharmacy,7183598133
32.4676857,15.7039375,pharmacy,7176300502
32.4606857,15.6496878,pharmacy,7170213289
32.4609375,15.6489372,pharmacy,7170214004
32.576835,15.5755884,pharmacy,4625443497
32.5771276,15.5736659,pharmacy,4625443498
32.5764389,15.5784378,pharmacy,7398309791
32.4570618,15.6593122,pharmacy,7180442264
32.4559364,15.6606874,pharmacy,7180480800
32.4498138,15.661437,pharmacy,7180487229
32.4563141,15.7069378,pharmacy,7176160414
32.461937,15.6893129,pharmacy,7176032367
32.4506874,15.5905628,pharmacy,7154080257
32.4573135,15.5880623,pharmacy,7151283776
32.4364357,15.6480627,pharmacy,7169721955
32.4500618,15.6246872,pharmacy,7169496284
32.444561,15.6299372,pharmacy,7166719657
32.4439392,15.6248121,pharmacy,7166684762
32.4366875,15.6245623,pharmacy,7166686260
32.4358139,15.6174374,pharmacy,7166688906
32.4354362,15.6148129,pharmacy,7166704932
32.4620628,15.6290627,pharmacy,7166052623
32.4610634,15.6325626,pharmacy,7166064305
32.4615631,15.6320629,pharmacy,7166076886
32.4614372,15.6400623,pharmacy,7166090439
32.4343109,15.5965624,pharmacy,7159914844
32.4560623,15.5856876,pharmacy,7151305757
32.6911888,15.5221872,pharmacy,7129208388
32.689064,15.5215626,pharmacy,7129210153
32.5379686,15.5694209,pharmacy,4548474198
32.6315613,15.4924374,pharmacy,7095683011
32.5941887,15.5020628,pharmacy,7095724398
32.5718117,15.5040627,pharmacy,7089487258
32.5654373,15.4931879,pharmacy,7089373687
32.5510635,15.4899378,hospital,7088863526
32.5534363,15.4911871,pharmacy,7088875814
32.5343717,15.5754193,pharmacy,4548458527
32.4928131,15.4816875,pharmacy,7079502511
32.4888115,15.4810629,pharmacy,7079513189
32.4851875,15.4620628,pharmacy,7069351349
32.4869385,15.4570627,pharmacy,7066616664
32.4849358,15.4659376,pharmacy,7066656689
32.4953117,15.4161873,pharmacy,7066535177
32.4751892,15.4775629,pharmacy,7066434888
32.6129241,15.6521761,pharmacy,5899911485
32.4846878,15.4924374,pharmacy,7040853724
32.4889374,15.493063,pharmacy,7040850749
32.4875641,15.5186872,pharmacy,7039273466
32.5003128,15.560813,pharmacy,7039308996
32.5264074,15.6413356,pharmacy,2276645298
32.5039368,15.4589376,pharmacy,7033147614
32.4889191,15.6445416,pharmacy,7023083909
32.5313777,15.6509245,pharmacy,7023083923
32.5405617,15.5408125,pharmacy,7013063038
32.5406876,15.5376873,pharmacy,7013063079
32.5413132,15.5354376,pharmacy,7013075415
32.5116882,15.5323124,pharmacy,7010780891
32.5651645,15.5503583,pharmacy,4633314189
32.527813,15.5341873,pharmacy,7013035627
32.5403137,15.5419378,pharmacy,7013055556
32.5418129,15.5331879,pharmacy,7013087317
32.524189,15.5466871,pharmacy,7010715065
32.6199357,15.6101241,pharmacy,4629154389
32.4994392,15.5099373,pharmacy,7005500162
32.5040627,15.5235624,pharmacy,7005487865
32.5261879,15.5341873,pharmacy,7004867271
32.5264359,15.5323124,pharmacy,7004867835
32.5273132,15.5274372,pharmacy,7004788822
32.5150642,15.5221872,pharmacy,7005524672
32.520813,15.5210629,pharmacy,7005530133
32.5131874,15.5254374,pharmacy,7005459865
32.4980621,15.5191879,pharmacy,7005480032
32.5366859,15.5205622,pharmacy,7004866192
32.5255623,15.5386877,pharmacy,7004917386
32.5238113,15.5271873,pharmacy,7004766144
32.5354385,15.5285625,pharmacy,7004811363
32.5825615,15.5384378,pharmacy,7004721776
32.5020638,15.5233126,clinic,7004740931
32.578186,15.7325621,pharmacy,6971627841
32.505882,15.6979318,dentist,6964182290
32.531311,15.6474371,pharmacy,6959948077
32.5583115,15.7015629,pharmacy,6953368499
32.5249367,15.6291876,pharmacy,6953235633
32.5390625,15.6416874,pharmacy,6953271945
32.5418129,15.6453123,pharmacy,6953290613
32.555687,15.7036877,pharmacy,6947727489
32.5730629,15.6356878,pharmacy,6874811371
32.5304375,15.5280628,pharmacy,7004795512
32.5828133,15.5373125,pharmacy,7004709720
32.555687,15.7036877,pharmacy,6947565995
32.5144386,15.5253124,pharmacy,7004720375
32.6079175,15.6126737,pharmacy,6942755408
32.6061655,15.6041203,pharmacy,6942365297
32.443134,15.6561295,pharmacy,6936661736
33.3035406,14.738862,pharmacy,6918242958
33.3042418,14.7315018,pharmacy,6918289005
33.3011619,14.7469753,pharmacy,6918319827
33.299734,14.7475204,pharmacy,6918319828
33.3027464,14.7382846,pharmacy,6918242957
33.3019716,14.7360227,pharmacy,6918289014
33.2992412,14.7384342,pharmacy,6918292078
33.2990965,14.7364593,pharmacy,6918292081
32.6323078,15.5967196,pharmacy,6812382590
32.6217425,15.5980614,pharmacy,6812382592
32.6161125,15.5987057,pharmacy,6813539768
32.6366917,15.5961738,pharmacy,6832066732
32.5684357,15.6608124,pharmacy,6877172761
32.5698419,15.6358042,pharmacy,6854983288
32.6135573,15.5989452,pharmacy,6898050905
32.6288218,15.5971215,pharmacy,6898112927
32.5600706,15.6258466,pharmacy,6854955364
32.4850695,15.7313135,pharmacy,6789373200
32.5094985,15.7078599,pharmacy,6795819554
32.5134226,15.7201852,pharmacy,6795897015
32.5097569,15.7087399,pharmacy,6801952006
32.4982015,15.6793861,pharmacy,6795816192
32.6377174,15.4907346,pharmacy,6833721514
32.5186155,15.5258871,pharmacy,6802038323
32.6281436,15.6156292,pharmacy,4605922890
32.6367631,15.595608,pharmacy,6832066731
32.5721653,15.592717,pharmacy,6846836329
32.616183,15.6041157,pharmacy,6813530909
32.499208,15.6792913,pharmacy,6833789472
32.6152689,15.5911021,pharmacy,6832016616
32.6334418,15.6084156,pharmacy,6832066742
32.627792,15.613274,pharmacy,4605372218
32.6146817,15.6110222,pharmacy,4634831595
32.612011,15.611568,pharmacy,4639854789
32.6383469,15.6056114,pharmacy,6832066736
32.6277923,15.6118581,pharmacy,6832089059
32.6275105,15.6123177,pharmacy,6832089060
32.6209868,15.603976,pharmacy,6812382585
32.6251482,15.6033235,pharmacy,6812382586
32.6372843,15.6013697,pharmacy,6812382589
32.6273265,15.6029809,pharmacy,6812382685
32.6175424,15.5988814,pharmacy,6812382687
32.6291547,15.5971133,pharmacy,6812382786
32.6270421,15.6098477,pharmacy,6812638988
32.5683136,15.6068125,pharmacy,6796816787
32.5384827,15.5847363,pharmacy,998604353
32.5350837,15.584555,pharmacy,4556188895
32.4985868,15.6811978,pharmacy,6814390085
32.5682389,15.6068963,pharmacy,6007421973
32.486104,15.6735092,pharmacy,6796500182
32.4856521,15.7004651,pharmacy,6796514389
32.4858789,15.719672,pharmacy,6794533673
32.485838,15.7204823,pharmacy,6794570275
32.4859203,15.7042298,pharmacy,6796515243
32.485534,15.6831228,pharmacy,6796505586
32.4851532,15.6990191,pharmacy,6796507857
32.4853356,15.6903429,pharmacy,6796521874
32.4597376,15.7308329,pharmacy,6805803713
32.4598127,15.7283544,pharmacy,6805791766
32.521378,15.7170921,pharmacy,6795886163
32.4764772,15.7181023,pharmacy,6794756207
32.5061198,15.6994909,pharmacy,6801923956
32.5063719,15.7000848,pharmacy,6801927657
32.5059642,15.6990623,pharmacy,6801928696
32.5209947,15.5266521,pharmacy,6802023495
32.4765802,15.7091505,pharmacy,6794938712
32.5021776,15.4636297,pharmacy,6796672874
32.5307316,15.6234578,pharmacy,6000839986
36.3981604,15.4570437,pharmacy,2278131240
36.3982221,15.4570437,pharmacy,2278131241
36.3982206,15.4506503,clinic,6758197988
32.5339615,15.5286633,pharmacy,3490668393
22.1589333,12.7097033,hospital,10878757602
32.490261,15.5078674,pharmacy,6055230128
32.4998888,15.482555,pharmacy,8021693810
32.4941864,15.4513121,pharmacy,7069321016
32.5892103,15.5255143,hospital,6833660357
32.4950638,15.5328121,pharmacy,7010923617
32.4944382,15.5349379,pharmacy,7005473662
32.4954376,15.534687,pharmacy,7005487219
32.4969927,15.5312463,pharmacy,3832531148
32.5491773,15.5597012,pharmacy,4548443091
32.4780132,15.6187464,pharmacy,5047381222
32.481125,15.61885,pharmacy,6796343972
32.4711876,15.618063,pharmacy,7245941524
32.4858131,15.6403122,pharmacy,7245728989
32.5749359,15.6326876,pharmacy,6874916379
32.5295639,15.6265621,pharmacy,6893194226
32.5605426,15.6298607,pharmacy,6854981086
32.4888115,15.5343122,pharmacy,7039279180
32.5011864,15.5255623,pharmacy,7010887356
32.5160637,15.5298128,pharmacy,7010781697
32.5637016,15.559364,clinic,7007955030
32.5394363,15.5293121,pharmacy,7004799800
32.5374374,15.5291872,pharmacy,7004828936
32.5406876,15.5294371,pharmacy,7004847196
32.5353127,15.5289373,pharmacy,7004788831
32.4959376,15.5325684,pharmacy,6055046595
32.5071352,15.700736,pharmacy,6967918110
32.4762602,15.7223859,pharmacy,6794707932
32.6126488,15.5718908,pharmacy,5465427821
32.612613,15.572464,pharmacy,6795058252
32.610466,15.5798426,pharmacy,6796044702
32.6241915,15.5976816,pharmacy,6352953660
32.6167371,15.6009184,pharmacy,6812382593
32.6147552,15.5989011,pharmacy,6813504569
32.6108949,15.5994236,pharmacy,4924628122
32.6165042,15.6034789,pharmacy,6812382594
32.6184308,15.6043917,pharmacy,6812229485
32.6162285,15.6063114,pharmacy,6813521397
32.6077881,15.6031641,doctors,6832115395
32.5631866,15.576438,pharmacy,7947387044
32.5705643,15.5770626,hospital,7947424207
32.4466858,15.5921879,pharmacy,7159941848
32.4553108,15.5888128,pharmacy,7154057563
32.4588821,15.591641,pharmacy,7021326304
32.4586266,15.5901864,clinic,7021326306
32.5979546,13.5043193,clinic,4456478878
32.5056292,15.6689763,pharmacy,7834828491
32.4805958,15.67806,hospital,6805029875
32.4770044,15.6715595,pharmacy,6805110237
32.4962975,15.7205023,pharmacy,6801660066
32.6165931,15.5911053,pharmacy,6832067290
32.6126437,15.594957,pharmacy,6832016614
32.6092023,15.5845845,pharmacy,6941759865
32.5273363,15.5910619,pharmacy,4548459493
32.6329909,15.5910505,pharmacy,6832067300
32.6301597,15.6025331,pharmacy,6812382587
32.4629364,15.5896873,pharmacy,7164573239
32.4978751,15.5192087,clinic,4344359689
32.5607225,15.4923849,pharmacy,8043802325
32.4961544,15.4598818,pharmacy,8035592781
32.4860515,15.4804064,pharmacy,8025693393
32.5198135,15.4490623,pharmacy,7066605130
32.5876629,15.523851,pharmacy,6833683139
32.5298443,15.598696,hospital,9078270794
32.440937,15.6481876,pharmacy,7170177528
32.4354362,15.6479378,pharmacy,7169707288
32.4335632,15.647562,pharmacy,7169521119
32.4403114,15.6141872,pharmacy,7160218212
32.4303131,15.5568123,pharmacy,7129520705
32.4300613,15.5550623,pharmacy,7129534928
32.5762012,15.5768783,pharmacy,4634742419
32.5730941,15.5723287,pharmacy,1102343722
32.5758496,15.5812752,pharmacy,4625392005
32.5718512,15.5795269,dentist,4772963828
32.5715711,15.5810417,pharmacy,7843563215
32.5562351,15.6243944,pharmacy,4611280293
32.5561613,15.6244802,clinic,4627918489
32.5583491,15.6214524,pharmacy,4627918189
32.5412385,15.6536434,pharmacy,5515944827
32.5443115,15.6731873,clinic,6964025438
32.5434941,15.6731019,pharmacy,2276864068
32.5483392,15.6726446,pharmacy,2279509572
32.5502283,15.6689454,pharmacy,6795656384
32.5378113,15.6698122,pharmacy,6895048987
32.5366859,15.6673126,pharmacy,6942979380
32.5350609,15.6633129,pharmacy,6894974548
32.5463142,15.657937,pharmacy,6953322487
32.5470619,15.6611872,pharmacy,6953314904
32.5560608,15.6880627,pharmacy,6913640521
32.5311687,15.5885231,hospital,7039114129
32.5389366,15.529563,pharmacy,7004787244
32.5395622,15.5441875,pharmacy,7013076765
32.5386887,15.5494375,pharmacy,7013170848
32.538311,15.5515623,pharmacy,7013181843
32.5418369,15.5522881,hospital,7039411234
32.5420033,15.552782,dentist,5113322822
32.5415519,15.5325083,pharmacy,4548433596
32.5321884,15.5395622,pharmacy,7013043366
32.5282426,15.5217095,pharmacy,7229435586
32.5281868,15.5216875,pharmacy,6802101669
32.5211991,15.5223834,pharmacy,6993244746
32.5169097,15.5256235,pharmacy,6802057216
32.5178779,15.5258096,pharmacy,6802041047
32.5146866,15.5238123,pharmacy,7005507761
32.5128059,15.5249278,pharmacy,6802068533
32.5070771,15.5244267,pharmacy,7005467607
32.5630608,15.5226879,pharmacy,7151197162
32.5407551,15.6216223,pharmacy,4269539506
32.5353583,15.6232743,pharmacy,6959721513
32.535416,15.6233957,hospital,7039337970
32.5279618,15.6241537,pharmacy,6051371058
32.5279388,15.6245623,pharmacy,6893551127
32.5285606,15.626687,pharmacy,6893207751
32.5630608,15.6045628,pharmacy,7294411567
32.5636888,15.6078544,doctors,4924761823
32.5597504,15.6112434,hospital,6007363151
32.5609418,15.6084396,pharmacy,6801721346
32.5623131,15.6038122,pharmacy,7294433721
32.5622908,15.600684,pharmacy,6007615929
32.5587627,15.6001484,pharmacy,6007645204
32.5611217,15.580056,clinic,5985354745
32.5619237,15.5763377,doctors,5998452985
32.5597134,15.5761453,pharmacy,4548439390
32.5643549,15.5762925,dentist,4786945321
32.5645836,15.5773255,doctors,7064966985
32.5657997,15.5765523,clinic,4786900622
32.5655724,15.5804287,pharmacy,6000344785
32.5726418,15.5966226,hospital,3581912299
32.4529381,15.6543121,pharmacy,7200388937
32.5616875,15.7223129,hospital,7726686414
32.5704384,15.6656876,clinic,6877146662
32.529686,15.6412824,pharmacy,6948971073
32.6247513,15.6384352,pharmacy,7038287159
32.5420609,15.6534376,pharmacy,6959970714
32.5594368,15.7106876,pharmacy,6947576246
32.6070523,15.6005942,pharmacy,6942364648
32.529686,15.6246872,pharmacy,6893188418
32.5751877,15.6695623,pharmacy,6877133487
32.623729,15.6302259,pharmacy,6824580322
32.4276832,15.5481859,clinic,5076447424
32.4273109,15.5480623,pharmacy,7129507750
33.3002728,14.7357224,pharmacy,6918289008
32.5691872,15.5770626,pharmacy,7947389776
32.568441,15.5758006,pharmacy,6996802080
32.5348264,15.5740681,pharmacy,4556298190
32.5232549,15.5797969,pharmacy,7120186195
32.5497659,15.5789842,dentist,4888551324
32.54529,15.6112608,hospital,2845734280
32.5203614,15.5275079,pharmacy,3487439391
32.5203133,15.5280628,pharmacy,7004876348
32.5125618,15.5296879,pharmacy,7005467606
32.5114365,15.5353127,pharmacy,7005459876
32.4970627,15.5313129,pharmacy,7010915545
32.4219959,15.5237664,clinic,5076449722
32.4265633,15.5438128,pharmacy,7130180237
32.4880935,15.5190556,pharmacy,7040838308
32.4535688,15.5891634,pharmacy,7021350382
32.4579391,15.590313,pharmacy,7151285658
32.4641903,15.5840132,doctors,7035127185
32.4519386,15.5898123,pharmacy,7154064394
32.535415,15.5843403,pharmacy,4548439403
32.5367192,15.5892829,clinic,7071007928
32.5365725,15.5914782,pharmacy,998604359
32.5341987,15.5781063,clinic,3147220077
32.5341414,15.5766209,clinic,3147216458
32.5505206,15.5732472,pharmacy,4548458738
32.5398065,15.5422656,pharmacy,4548474194
32.4256859,15.5398121,pharmacy,7130194737
32.5153122,15.534687,pharmacy,7010782642
32.524189,15.5446873,pharmacy,7010717917
32.562561,15.6020622,pharmacy,7294410108
32.5521889,15.6745625,pharmacy,6953337683
32.5254511,15.5365496,pharmacy,6993092702
32.5262882,15.5321397,clinic,3488609366
32.5262668,15.5323309,pharmacy,3488609862
32.4668121,15.6075621,pharmacy,7159834446
32.4639714,15.6030159,pharmacy,7092887721
32.4649391,15.6045628,pharmacy,7151223826
32.4602423,15.5962619,pharmacy,7021326302
32.4598122,15.5950623,pharmacy,7151235240
32.449688,15.595437,pharmacy,7154083506
32.5603038,15.5911531,pharmacy,4628040889
32.5631866,15.5946875,pharmacy,7736706395
32.5646389,15.5949276,pharmacy,7294567339
32.5663109,15.5951872,pharmacy,7294561660
32.5633125,15.5950623,pharmacy,7294599415
32.5621872,15.5946875,pharmacy,7736694954
32.4853726,15.7232884,pharmacy,6789380359
32.4716521,15.7254221,pharmacy,6794724481
32.4858129,15.7247555,pharmacy,6796678847
32.4595955,15.7399344,pharmacy,6814349337
32.4355621,15.6219378,pharmacy,7166676050
32.435936,15.6195621,pharmacy,7166679479
32.4795609,15.6214371,pharmacy,7245795658
32.4439392,15.6248121,pharmacy,7169487968
32.4709358,15.6123123,pharmacy,7159901226
32.4615631,15.623313,pharmacy,7158937082
32.5475198,15.5855554,pharmacy,4548450100
32.548408,15.5824553,pharmacy,4548474191
32.5087885,15.5152766,pharmacy,7239599985
32.5087972,15.5152815,pharmacy,7239599885
32.5086861,15.5153122,pharmacy,7005468243
32.5059488,15.5243184,pharmacy,6802229859
32.4879997,15.5185415,hospital,7905516323
32.4988136,15.5159378,pharmacy,7005463636
32.4996872,15.5084372,pharmacy,7005478765
32.4823089,15.4863417,clinic,5208709921
32.4825912,15.4972986,pharmacy,6903193391
32.4521866,15.6480627,pharmacy,7167484350
32.4978142,15.4904375,pharmacy,7032786968
32.4945641,15.4819374,pharmacy,7079502248
32.4869385,15.4808121,pharmacy,7079468867
32.5036888,15.4875622,pharmacy,7034393009
32.496563,15.4941874,pharmacy,7040847789
32.4976883,15.4971876,pharmacy,7040835608
32.4794862,15.7550417,pharmacy,6814311833
32.4792985,15.7538646,pharmacy,6814311832
32.4925613,15.6426878,pharmacy,7246981263
32.4524384,15.6783123,pharmacy,7216138334
32.4576874,15.6830626,pharmacy,7216145288
32.4529381,15.6555624,pharmacy,7200391547
32.453064,15.6526871,pharmacy,7200399343
32.5633498,15.5665723,unknown,6875522966
32.5705522,15.5771113,unknown,7905516322
32.4760148,15.7045465,pharmacy,6796880708
32.4694772,15.607482,pharmacy,2102560374
32.4611893,15.6080627,pharmacy,7154236924
32.4646532,15.6080727,clinic,6801555580
32.464546,15.6080907,pharmacy,6801581009
32.4623943,15.6085285,clinic,6801559886
32.4590244,15.6086849,clinic,6801576535
32.4542177,15.6072246,doctors,7052688185
32.4534283,15.6046355,pharmacy,7020583067
32.462632,15.6016233,pharmacy,7021264172
32.4523927,15.602119,pharmacy,7020571847
32.4446806,15.6129552,pharmacy,6801517152
32.454689,15.6125622,pharmacy,7160781207
32.4560975,15.6130365,pharmacy,6813462665
32.4584389,15.6249371,pharmacy,7169479053
32.4536858,15.605938,pharmacy,7154106929
32.4530653,15.6129529,pharmacy,6801548150
32.4500618,15.6479378,pharmacy,7167399149
30.4675752,19.1780238,doctors,8033534689
30.4661309,19.1782763,doctors,8033556185
32.5797995,15.5050684,pharmacy,4234691589
32.580124,15.5056923,pharmacy,6903712953
32.6089679,15.5838221,clinic,7040091879
32.6082759,15.5892165,pharmacy,6796038046
32.6087375,15.5874797,pharmacy,6941913099
32.6087728,15.5871208,clinic,5465427822
32.6046896,15.5982251,hospital,7207950585
32.6031583,15.6138212,pharmacy,6942755406
32.603344,15.613707,pharmacy,4639833991
32.5640049,15.5618619,pharmacy,4633226294
32.5636829,15.5594343,pharmacy,4633226293
32.5727417,15.5551816,pharmacy,5968323186
32.5714088,15.5585137,pharmacy,4548457819
32.5755699,15.5557235,pharmacy,4633226295
32.5681877,15.5418129,pharmacy,6985066965
32.5667178,15.5416747,pharmacy,4548458741
32.5745718,15.5425462,dentist,4963181443
32.5598667,15.5470069,pharmacy,7019857696
32.5689489,15.5724352,dentist,8188303372
32.5634964,15.5604648,pharmacy,7007955031
32.574688,15.6383123,pharmacy,6874848326
32.5685458,15.635896,pharmacy,5972032585
32.5650742,15.6358456,pharmacy,5993543598
32.5631473,15.6355022,pharmacy,5993547831
32.5796439,15.5557049,pharmacy,7007898410
32.5787607,15.5569991,pharmacy,4633929589
32.579858,15.557681,dentist,4634466990
32.5811427,15.5478843,pharmacy,4631414792
32.580045,15.5544439,pharmacy,4631470389
32.5820436,15.5426872,pharmacy,4625994190
32.5784378,15.5435629,pharmacy,6985145806
32.5819784,15.5452288,pharmacy,4633226296
32.5771866,15.5430622,pharmacy,6985097852
32.5784212,15.5123625,pharmacy,4548454704
32.5770024,15.5568639,pharmacy,4633294694
32.5788116,15.5615625,pharmacy,7366420389
32.5794373,15.7275629,pharmacy,6964923597
32.5830496,15.5368488,pharmacy,4617717589
32.574688,15.6454372,pharmacy,6874881542
32.4814377,15.6338129,pharmacy,7245758150
32.447937,15.6558123,pharmacy,7200389478
32.5702189,15.5874633,pharmacy,4631991690
32.5734879,15.593163,pharmacy,4629153489
32.5678221,15.5957062,pharmacy,7294564205
32.5678139,15.5956879,pharmacy,7736792445
32.573092,15.5977435,pharmacy,4548439392
32.5696869,15.6065626,clinic,7294474038
32.5715637,15.6021872,pharmacy,7294493905
32.5718117,15.732688,pharmacy,7726659426
32.578186,15.7028122,pharmacy,7726289409
32.5784378,15.7011871,pharmacy,6961437479
32.5914194,15.7053396,pharmacy,7050332802
32.5914464,15.7054291,pharmacy,7221278285
32.5788116,15.7409372,pharmacy,7730644120
32.5747858,15.6523284,pharmacy,6937910685
32.5748138,15.6480627,pharmacy,6874887567
32.6246559,15.6355576,pharmacy,6824552307
32.6250822,15.6417223,pharmacy,7050332798
32.5811368,15.5897271,pharmacy,4625474089
32.5753974,15.5845528,pharmacy,5998530386
32.5747121,15.5858079,doctors,4519609889
32.5746731,15.5856821,dentist,7906066689
32.5758343,15.5814323,dentist,4634835895
32.5743985,15.5872775,pharmacy,4629153490
32.5760105,15.5975432,pharmacy,4629220589
32.5785109,15.5976418,pharmacy,4634756098
32.5803898,15.5977984,pharmacy,4617642490
32.4479623,15.6386513,clinic,7216902086
32.5264645,15.6367708,pharmacy,4269540795
32.5270959,15.6387327,pharmacy,4269531907
32.5309992,15.6388602,pharmacy,7023083912
32.5310631,15.6366873,pharmacy,6885677732
32.5243111,15.630187,pharmacy,6877333544
32.5264359,15.6270628,pharmacy,6877455898
32.5308013,15.6283121,pharmacy,6893186181
32.5273132,15.6256876,clinic,6877445407
32.5314369,15.6358128,pharmacy,6893362230
32.5315628,15.6364374,pharmacy,6893340662
32.5314075,15.6365627,clinic,7941425188
32.534687,15.6330624,clinic,6963569348
32.5014946,15.6875995,pharmacy,6814322986
32.4903215,15.6924404,clinic,7040091881
32.4764499,15.69076,clinic,7040112185
32.4760512,15.6843026,pharmacy,7834793808
32.4857808,15.6862061,pharmacy,6796495290
32.4943153,15.6745608,pharmacy,6795804868
32.500221,15.645969,pharmacy,4639366790
32.5048677,15.6559522,pharmacy,7023083916
32.4869385,15.6651878,hospital,7252253161
32.4935782,15.6537411,pharmacy,7023083919
32.4853134,15.6544371,pharmacy,7252268363
32.49747,15.646296,pharmacy,4639379792
32.4888017,15.644424,pharmacy,7023083917
32.4857788,15.644995,clinic,7067425885
32.4912103,15.6473345,clinic,4638765889
32.4917439,15.6475115,pharmacy,7023083915
32.5896873,15.5390625,pharmacy,7004686753
32.5826822,15.5415741,dentist,7905612976
32.5898248,15.524145,pharmacy,6833683136
32.5893642,15.5254613,pharmacy,6833660356
32.4609375,15.6575623,pharmacy,7170225612
32.4613113,15.6678123,pharmacy,7175977250
32.461302,15.641296,pharmacy,4638756490
32.435936,15.6518126,pharmacy,7200351348
32.4480629,15.6620626,pharmacy,7180478060
32.4465559,15.6479076,pharmacy,6068925410
32.4489365,15.5933123,pharmacy,7154076915
32.4378128,15.6478128,pharmacy,7170082059
32.4461861,15.6268129,pharmacy,7166687732
32.4360619,15.6030626,pharmacy,7160202935
32.5588688,15.5468565,unknown,7904462758
32.4905756,15.637083,pharmacy,7023083922
32.4905624,15.6370621,pharmacy,7246994411
32.4786873,15.6188126,pharmacy,7245866933
32.4793129,15.6249371,pharmacy,7245782476
32.479187,15.626687,pharmacy,7245813287
32.4795609,15.6216879,pharmacy,7245838232
32.4614372,15.6380625,pharmacy,7166902462
32.4611893,15.6288128,pharmacy,7166061718
32.4708138,15.6223125,pharmacy,7159921345
32.4615631,15.6300621,pharmacy,7166039617
32.4613113,15.6203127,pharmacy,7158732883
32.5210752,15.6358599,pharmacy,2276670223
32.5231857,15.6326876,pharmacy,6877321211
32.522686,15.6446877,pharmacy,6947919982
32.5180882,15.6959728,pharmacy,7204268147
32.5215336,15.7176343,pharmacy,6795886926
32.5224509,15.7169165,pharmacy,6795844947
32.5147476,15.7191215,pharmacy,6795869324
32.5156756,15.7191886,pharmacy,6795844930
32.5349751,15.5974529,clinic,7020258402
32.5326146,15.5990642,clinic,5109399624
32.5338423,15.5994036,clinic,7941440485
32.5350627,15.5988147,hospital,7235067085
32.5342428,15.6004818,clinic,4621212393
32.5350267,15.5997069,doctors,4510668124
32.5339581,15.5998735,doctors,4254780489
32.5329024,15.5999789,pharmacy,7904462761
32.5310686,15.6017758,hospital,7904462760
32.5294581,15.6035933,pharmacy,4359863897
32.530521,15.6039227,dentist,7038287145
32.5298896,15.6013417,clinic,9327485326
32.5285792,15.6000523,clinic,7983980700
32.5290002,15.6006953,dentist,7905631826
32.5269854,15.6002477,clinic,5985039685
32.5292426,15.5993861,hospital,6874318814
32.5299959,15.5986474,pharmacy,7905516321
32.5331904,15.5990347,pharmacy,7235067185
32.5177173,15.5990244,pharmacy,7904462763
32.5203795,15.5980952,pharmacy,4711849290
32.5213994,15.5980417,pharmacy,7236391985
32.5456428,15.584445,pharmacy,4548473791
32.5428423,15.5851709,hospital,4171743190
32.5429625,15.5696122,clinic,7074289974
32.5429733,15.5695295,pharmacy,7074289975
32.524501,15.641412,pharmacy,4639379794
32.5246887,15.6621876,pharmacy,6952417788
32.4772444,15.6761663,pharmacy,6805514866
32.4860155,15.6751865,pharmacy,6796480407
32.4867615,15.662191,pharmacy,7904638586
32.4894602,15.6624587,pharmacy,7021350379
32.4895345,15.6626892,clinic,7021350380
32.4886965,15.6541309,pharmacy,7023083910
32.4981902,15.645316,hospital,8006691391
32.4888793,15.6445134,pharmacy,7023083914
32.4886505,15.6442722,pharmacy,4759494221
32.4915627,15.6418887,pharmacy,6794994778
32.4878867,15.642411,hospital,49318047
32.4864992,15.6424599,pharmacy,7023083921
32.4895,15.645632,pharmacy,4638765789
32.5050706,15.675484,pharmacy,7834793827
32.524255,15.6066141,pharmacy,6010786242
32.5245673,15.6047101,pharmacy,6013563993
32.5304375,15.5499372,pharmacy,7013235144
32.529686,15.5500622,pharmacy,7013236964
32.5270615,15.5495625,pharmacy,7013243081
32.4290619,15.5536871,pharmacy,7129534929
32.5483532,15.5374927,pharmacy,5993443713
32.5546228,15.5487783,clinic,6126586790
32.5565831,15.5469072,pharmacy,4633271290
32.5583573,15.5469023,pharmacy,4633271291
32.549603,15.530856,pharmacy,6834130328
32.5047358,15.6978435,pharmacy,6801902360
32.5055833,15.6983393,pharmacy,6801912351
32.5062442,15.6968677,pharmacy,6795842683
32.4854294,15.7177447,pharmacy,6794540398
32.4761212,15.7112484,pharmacy,6794938709
32.4762497,15.698853,clinic,7040091884
32.4821437,15.6994581,pharmacy,6796505340
32.4616533,15.6993604,clinic,7040458709
32.4618111,15.6988125,pharmacy,7155784540
32.4622793,15.6984765,clinic,7040098684
32.4633297,15.7067859,clinic,7040458714
32.4616347,15.7050934,clinic,7040458715
32.4604243,15.7071104,pharmacy,6805761330
32.4761945,15.7033407,pharmacy,6796875684
32.5011899,15.7187569,pharmacy,6801674761
32.4865648,15.7414531,hospital,7040704989
32.4772225,15.7499665,pharmacy,6814290578
32.4765178,15.7480508,pharmacy,6814305916
32.4768411,15.7237098,clinic,7040098681
32.4757014,15.7259225,clinic,7040091880
32.4857163,15.723721,clinic,7040121858
32.4761999,15.7185172,pharmacy,6796892696
32.4764432,15.7159242,pharmacy,6794731679
32.4787245,15.7526513,pharmacy,6814312343
32.482702,15.7624686,clinic,7040704995
32.4597376,15.738702,pharmacy,6805832015
32.4926068,15.7220618,pharmacy,6801656020
32.5501392,15.4859456,pharmacy,7074393739
32.5654024,15.4931317,pharmacy,6055074891
32.5740623,15.4944372,pharmacy,7089437180
32.5643271,15.5023878,pharmacy,4548458732
32.5636066,15.5032343,pharmacy,6055074493
32.5048225,15.4532887,pharmacy,6903193392
32.5024376,15.4681873,pharmacy,7033154472
32.501819,15.4718651,pharmacy,6796803738
32.4858131,15.4623127,pharmacy,7069357502
32.4983139,15.4518127,pharmacy,7069297713
32.501812,15.4719372,pharmacy,7033113710
32.507061,15.4605627,pharmacy,7033355536
32.4819154,15.4688458,pharmacy,6903152357
32.4843302,15.4693734,pharmacy,6903152355
32.4849996,15.4661036,pharmacy,6903152354
32.4867716,15.4575617,pharmacy,7052480238
32.4885635,15.4486876,pharmacy,7069343062
32.4886142,15.4487498,pharmacy,7013232266
32.4898665,15.4431859,pharmacy,6903712954
32.4890633,15.4446878,pharmacy,7066636457
32.5639381,15.7218122,pharmacy,6913629063
30.8068606,18.1703262,hospital,10610308105
32.5888625,15.5529268,pharmacy,7041249014
32.607783,15.5981161,pharmacy,6941931284
32.6088616,15.5982701,pharmacy,4634744506
32.6065409,15.5959509,pharmacy,5465411822
32.605381,15.5973755,pharmacy,6796044364
32.6075477,15.6018101,pharmacy,4633942090
32.6103007,15.5998423,pharmacy,6898029795
32.5712651,15.5595138,pharmacy,6013411941
32.5651006,15.548313,pharmacy,6903712952
32.567494,15.5483756,pharmacy,4633226297
32.574973,15.5631428,pharmacy,1102343705
32.567454,15.5690365,pharmacy,4686418190
32.5597811,15.6209227,clinic,4234691692
32.560404,15.6284031,pharmacy,6795889419
32.5608162,15.6328725,pharmacy,6854961391
32.5671725,15.6272044,pharmacy,6855232833
32.5662814,15.6263375,pharmacy,8909528217
32.4891891,15.6590624,pharmacy,7252233310
32.4890633,15.6601877,pharmacy,7252253475
32.4872364,15.7113506,clinic,7040091883
32.5569382,15.7049379,pharmacy,6953357964
32.5529366,15.697938,pharmacy,6913427917
32.5504379,15.6938124,pharmacy,6913412910
32.4620628,15.7041874,pharmacy,7176096236
32.461689,15.7021875,pharmacy,7176138773
32.4519386,15.7068129,pharmacy,7176155022
32.5061331,15.6984541,dentist,6964182294
32.5338963,15.6412367,pharmacy,4269507010
32.5351997,15.6412143,pharmacy,2276769671
32.5366304,15.6412175,pharmacy,7023083913
32.5008972,15.2417266,pharmacy,7905599784
32.4674505,15.4734671,pharmacy,7014251106
32.4669945,15.4738135,pharmacy,7014251105
32.4664101,15.4739069,pharmacy,6903152356
32.4663124,15.4738121,pharmacy,7066398958
32.5628427,15.806813,clinic,7040704998
32.5337318,15.5992886,unknown,7038742275
32.5294015,15.5994399,unknown,7904462759
32.4527036,15.7066049,clinic,7040098682
32.437561,15.678812,pharmacy,7216079742
32.4539697,15.6832662,clinic,7040098680
32.4472921,15.7613009,clinic,7040704996
32.4466078,15.7674707,clinic,7040704997
32.3788109,15.6558123,pharmacy,7236673062
32.5315628,15.651063,hospital,6894876192
32.4856199,15.6929303,pharmacy,6796507854
32.5401537,15.6325511,pharmacy,2276735775
32.5401878,15.631937,pharmacy,6953287386
32.539426,15.641524,pharmacy,4639366791
32.4813118,15.4221878,pharmacy,7066477131
32.4617332,15.7076991,pharmacy,6805782447
32.4608964,15.7123261,pharmacy,6805774049
32.4495184,15.711969,clinic,7040098683
32.4411888,15.6789379,pharmacy,7216111501
32.4386864,15.6791878,pharmacy,7216110701
32.4710617,15.6136875,pharmacy,7159902434
32.474765,15.6185966,pharmacy,6796376868
32.5320039,15.6405849,pharmacy,6845382047
32.5328772,15.6412542,pharmacy,4269546095
32.5326881,15.6415625,pharmacy,6959937585
32.5314553,15.6414958,pharmacy,2276619967
32.5313778,15.6430291,pharmacy,7023083918
32.5311087,15.6482498,clinic,4360456990
32.5310072,15.6434483,pharmacy,2276618632
32.5296417,15.6412859,pharmacy,6885677442
32.52985,15.641278,pharmacy,4639386289
26.1269467,11.4495777,clinic,8099757318
26.1439435,11.4655822,clinic,7441946886
26.1297044,11.4632403,doctors,7445161590
26.1285951,11.4629704,pharmacy,7452472287
26.1267769,11.4627705,clinic,7431203485
26.1300517,11.4620079,pharmacy,7445161591
26.1360309,11.4515617,clinic,7431170987
26.1368997,11.4426796,pharmacy,4942614324
30.6457628,12.7132816,clinic,7176343185
30.6451434,12.7318985,clinic,7176343186
32.6055718,15.6064852,hospital,7905516324
32.5598913,15.5941787,pharmacy,4628040789
32.6386303,15.607558,pharmacy,6832066739
32.634107,15.5913924,pharmacy,6832067298
32.6066603,15.5975166,pharmacy,4632983522
32.5313512,15.6425617,pharmacy,6959922619
32.5598077,15.6232636,pharmacy,6854854024
32.6094882,15.6118596,pharmacy,4646421992
32.536525,15.5913029,pharmacy,5236889821
32.5236265,15.5818302,pharmacy,3147187181
32.5756006,15.5835805,pharmacy,4634742417
32.5826874,15.5653124,pharmacy,7401809070
32.5724407,15.5762581,dentist,7235131088
32.5287052,15.5834131,pharmacy,7962478886
32.560936,15.6083126,pharmacy,7305875786
32.5052782,15.6965033,pharmacy,6795861204
32.5047317,15.6821571,pharmacy,7834793816
32.5670624,15.6603127,pharmacy,6877159915
32.529485,15.6248315,pharmacy,6051380743
32.5976989,15.6144252,pharmacy,6942366897
32.5727843,15.6356104,pharmacy,6855036183
32.5723365,15.5972839,clinic,6799943280
32.5524368,15.4893122,hospital,7082873498
32.5740144,15.5534417,pharmacy,7905631825
32.5901038,15.5221964,pharmacy,6833683138
32.5569071,15.5366721,pharmacy,6833676089
32.6217678,15.6190235,pharmacy,6824555234
32.6301527,15.6254856,pharmacy,6832110553
32.553976,15.7002623,clinic,4105134189
32.5575573,15.705636,pharmacy,6953352871
32.5422744,15.6800044,pharmacy,4757640529
32.532843,15.6558922,pharmacy,6894943360
32.5511856,15.6723127,pharmacy,6953343696
32.5245628,15.6414375,pharmacy,6949043294
32.6018451,13.5077615,clinic,4456477986
32.5076866,15.5155621,pharmacy,7005492490
32.5682126,15.5034227,pharmacy,4548458926
32.5748138,15.5429373,pharmacy,6985121098
32.5203133,15.5280628,pharmacy,7010761323
32.5204391,15.5224371,pharmacy,7005509650
32.5719034,15.5511837,pharmacy,4633294691
32.5798111,15.5591879,pharmacy,7366388484
32.5389366,15.5478125,pharmacy,7013183945
32.5391884,15.5494375,clinic,7013195687
32.5390625,15.5499372,pharmacy,7013198828
32.5356865,15.5510626,pharmacy,7013205291
32.5318108,15.5504379,pharmacy,7013209528
32.5166893,15.5263128,pharmacy,7004901303
32.6153654,15.6090329,clinic,7039439576
32.6232785,15.6095178,pharmacy,4621414089
32.6288247,15.617945,pharmacy,6832066127
32.6185177,15.6106813,pharmacy,4634742411
32.949095,14.1527973,hospital,10018992646
37.2174472,19.6090493,hospital,3364254260
33.2990696,14.7381748,pharmacy,6918292079
33.297938,14.7380502,pharmacy,6918292080
33.300871,14.735891,pharmacy,6918289009
32.5523109,15.4904375,pharmacy,7088870502
32.5433121,15.4531879,pharmacy,7079635519
32.507061,15.4605627,pharmacy,7034426511
32.5766703,15.5173834,pharmacy,6833683141
32.5688689,15.532967,dentist,4548524490
32.5014224,15.475292,pharmacy,8021736235
30.3946692,19.7112135,hospital,8490989617
29.4505149,14.167514,clinic,8118572717
36.3640135,15.4540904,hospital,5699815813
32.5539084,15.4851427,pharmacy,8043823897
32.532167,15.5390143,hospital,9980015717
32.578207,15.5146927,pharmacy,8041991750
32.4959655,15.4652053,pharmacy,8035607590
32.494564,15.4817659,pharmacy,8021644768
32.6211872,15.6179613,pharmacy,7006479229
32.5411873,15.6535625,pharmacy,6959962551
32.5150362,15.6035711,pharmacy,6013248819
32.4847622,15.4805494,unknown,8018298465
36.3947567,15.4549575,hospital,2278054522
32.5794373,15.6019373,pharmacy,7305870749
32.5601135,15.6233101,clinic,6854853376
32.6262688,15.5975085,pharmacy,6812382591
32.6096921,15.6309214,pharmacy,6824680820
32.620585,15.6122514,pharmacy,6824557243
32.5305741,15.5855697,pharmacy,4331008812
32.5236893,15.5814371,pharmacy,7120218403
36.3980933,15.4570463,pharmacy,2278131237
32.4190731,15.6639477,hospital,7966428285
32.5669365,15.5766878,pharmacy,7947409108
32.5190469,15.5989623,pharmacy,7905631827
32.5640269,15.5767584,hospital,7947383658
32.5712828,15.6001912,clinic,7941440586
32.5353889,15.5691515,pharmacy,7922808885
32.5747207,15.5857524,dentist,5473498921
32.5579376,15.6051874,pharmacy,7305861694
32.5334486,15.6000743,pharmacy,7904462762
32.5716163,15.6045733,unknown,7904462757
32.5043916,15.6842485,pharmacy,7834793814
32.5048095,15.6819944,pharmacy,7834793817
32.5060313,15.6801003,pharmacy,7834793819
32.5058933,15.6794521,pharmacy,7834793820
32.5056555,15.6766146,pharmacy,7834793824
32.5355638,15.5681895,dentist,6515233186
32.5263138,15.5699377,pharmacy,7120206411
32.5355856,15.5677844,pharmacy,5614597306
32.5363675,15.5648659,pharmacy,5614597313
32.536343,15.563422,pharmacy,7702844585
32.5670624,15.5874376,hospital,7746409854
32.5703125,15.5960627,pharmacy,7736818103
32.562561,15.6080627,pharmacy,7294401650
26.1360324,11.4515413,clinic,7747655085
32.5733109,15.5884371,pharmacy,7746378066
32.5754356,15.6646872,pharmacy,7731203934
32.5715637,15.6650629,pharmacy,7731232007
32.5721893,15.7026873,pharmacy,7731215610
32.5674362,15.7550621,pharmacy,7730726418
32.5749359,15.7614374,pharmacy,7730801165
32.5739365,15.7613125,pharmacy,7730803689
32.578186,15.7509375,pharmacy,7730705302
32.567688,15.7321873,pharmacy,7726671435
32.5789375,15.7353125,pharmacy,7726723742
26.1480727,11.4583492,hospital,7706581286
32.4876763,15.6365153,pharmacy,6063601505
32.45893,15.6465973,pharmacy,6068904558
32.5608221,15.518825,pharmacy,6061209685
32.5634035,15.5062602,pharmacy,6055074902
32.5637833,15.5022537,pharmacy,6055111885
32.5633458,15.5047217,clinic,6055111888
32.4950322,15.532763,pharmacy,6055046593
32.4985384,15.5231374,pharmacy,6055046604
32.4979942,15.5190986,pharmacy,6055046608
32.4939353,15.5265158,pharmacy,6055046610
32.5284461,15.6259759,hospital,6052318911
32.4974667,15.5427181,pharmacy,6051360119
32.4844402,15.6166189,hospital,6063439354
32.4838107,15.5053962,pharmacy,6055320703
32.563372,15.5046325,pharmacy,6055074492
32.4944324,15.5361533,pharmacy,6054974775
32.5012177,15.5516791,pharmacy,6051352859
32.4992574,15.5469999,pharmacy,6051352864
32.5285628,15.6266972,pharmacy,6052324185
32.5007607,15.550452,pharmacy,6051352861
32.4999253,15.5485396,pharmacy,6051352863
32.4985057,15.5452453,pharmacy,6051352867
32.4963807,15.540364,pharmacy,6051373108
32.5277753,15.6249741,hospital,6051375565
32.5272734,15.6257605,hospital,6051402843
32.5277963,15.6246261,pharmacy,6051368394
32.569975,15.598512,pharmacy,6007517584
32.568692,15.5989679,pharmacy,6007540271
32.5662711,15.5994733,pharmacy,6007562375
32.5683697,15.5711161,pharmacy,6005172543
32.5235883,15.5827879,pharmacy,6008263423
32.5748208,15.5782741,pharmacy,6005195676
32.5636833,15.5801275,pharmacy,6000704804
32.5302461,15.6226674,pharmacy,6000773354
32.547805,15.5409475,pharmacy,5993457576
32.5563061,15.5318757,pharmacy,5993041135
32.5247722,15.6551384,pharmacy,5971954785
32.5682953,15.5809142,pharmacy,5998963932
32.550925,15.5314188,pharmacy,5993403996
32.5360152,15.6325368,pharmacy,5691668660
32.5270293,15.6262034,hospital,6877432444
32.5422459,15.5772174,hospital,9327486318
32.6120567,15.578619,pharmacy,6795034668
32.5768952,15.5724769,pharmacy,4634744514
32.5758104,15.5726736,clinic,4996935450
32.5703427,15.5961822,pharmacy,7294496064
32.5585318,15.5967225,pharmacy,6007676429
32.5678313,15.5957221,pharmacy,7736764080
26.1254655,11.4631048,hospital,7431203085
32.460186,15.5960627,pharmacy,7151275752
30.8067732,18.1698631,hospital,10773946205
30.419702,20.7487161,clinic,11924827669
32.4753113,15.6185627,pharmacy,7245944180
32.4661178,15.6069512,pharmacy,49224499
37.2160106,19.6198118,hospital,6009206186
32.4596484,15.5935856,pharmacy,7021326303
32.4316864,15.5593128,pharmacy,7129520704
33.9771134,17.7016016,hospital,12000256452
32.4844168,15.6173039,hospital,6063439353
32.4848481,15.6136204,hospital,7039337962
27.453068,9.9747232,clinic,11559712870
24.3270189,12.3662619,clinic,11551899841
32.488665,15.6438148,pharmacy,7023083911
32.4608451,15.646339,pharmacy,6068904556
32.6212614,15.6162204,pharmacy,6824534990
32.6118524,15.6276391,pharmacy,6824687155
32.4950081,15.6422526,pharmacy,8006760963
32.539242,15.5463988,pharmacy,10685003205
32.482415,15.6410736,hospital,7245677450
